"","Dataset","uhash","nr","task_id","learner_id","resampling_id","iteration","D-Calibration","Brier score","C_Harrell","C_Uno","time_train","time_predict","learner_id1","learner_id2"
"1","GRACE (N=1000)","9e019ff1-5018-407f-acae-b236cd0288d8",2,"grace","class.binary_enc.removeconstants.reg.scale.class_semipar_coxph","cv",1,6.3633971119842,0.16915490459291,0.699912667274475,0.692124783992767,0.282,0.147,"coxph","coxph"
"2","GRACE (N=1000)","9e019ff1-5018-407f-acae-b236cd0288d8",2,"grace","class.binary_enc.removeconstants.reg.scale.class_semipar_coxph","cv",2,3.24468074482437,0.167466602624876,0.709116101264954,0.704224407672882,0.287999999999998,0.135000000000002,"coxph","coxph"
"3","GRACE (N=1000)","9e019ff1-5018-407f-acae-b236cd0288d8",2,"grace","class.binary_enc.removeconstants.reg.scale.class_semipar_coxph","cv",3,0.866783943077404,0.168292002237832,0.723288774490356,0.720163643360138,0.276999999999997,0.134,"coxph","coxph"
"4","GRACE (N=1000)","0becae98-8467-4abd-9491-7618d4b7566b",5,"grace","class.binary_enc.removeconstants.reg.scale.class_semipar_penalized.tuned","cv",1,4.50680122819782,0.168375276231314,0.704544603824615,0.697268486022949,54.132,0.17999999999995,"Penalized Cox PH","Penalized Cox PH"
"5","GRACE (N=1000)","0becae98-8467-4abd-9491-7618d4b7566b",5,"grace","class.binary_enc.removeconstants.reg.scale.class_semipar_penalized.tuned","cv",2,3.45474003578271,0.167695846508584,0.709039092063904,0.704512596130371,54.714,0.15300000000002,"Penalized Cox PH","Penalized Cox PH"
"6","GRACE (N=1000)","0becae98-8467-4abd-9491-7618d4b7566b",5,"grace","class.binary_enc.removeconstants.reg.scale.class_semipar_penalized.tuned","cv",3,1.01925523945615,0.168485629995167,0.723251402378082,0.720321655273438,53.217,0.187999999999988,"Penalized Cox PH","Penalized Cox PH"
"7","GRACE (N=1000)","3ca840c2-4e69-43ea-b7e2-1c684665ae79",6,"grace","class.binary_enc.removeconstants.reg.scale.ml_ranfor_rfsrc_brier.tuned","cv",1,11.5788814726141,0.167926708918545,0.700292348861694,0.689626574516296,131.176,0.220000000000027,"RSF","RSF"
"8","GRACE (N=1000)","3ca840c2-4e69-43ea-b7e2-1c684665ae79",6,"grace","class.binary_enc.removeconstants.reg.scale.ml_ranfor_rfsrc_brier.tuned","cv",2,4.24879355680895,0.167478485713405,0.707884192466736,0.699440538883209,136.388,0.252000000000066,"RSF","RSF"
"9","GRACE (N=1000)","3ca840c2-4e69-43ea-b7e2-1c684665ae79",6,"grace","class.binary_enc.removeconstants.reg.scale.ml_ranfor_rfsrc_brier.tuned","cv",3,18.4567097173566,0.167345687041944,0.739867508411407,0.736025512218475,145.673,0.219000000000051,"RSF","RSF"
"10","GRACE (N=1000)","67f0fff1-2762-482b-bfab-5ed40f82df1b",7,"grace","class.binary_enc.removeconstants.reg.scale.ml_ranfor_aorsf_fast.tuned","cv",1,7.19003707185465,0.170467169322211,0.688294947147369,0.679445922374725,89.542,0.206000000000017,"ORSF-fast","ORSF-fast"
"11","GRACE (N=1000)","67f0fff1-2762-482b-bfab-5ed40f82df1b",7,"grace","class.binary_enc.removeconstants.reg.scale.ml_ranfor_aorsf_fast.tuned","cv",2,1.06624154722394,0.16450139855811,0.708692610263824,0.703225910663605,92.0920000000001,0.215000000000146,"ORSF-fast","ORSF-fast"
"12","GRACE (N=1000)","67f0fff1-2762-482b-bfab-5ed40f82df1b",7,"grace","class.binary_enc.removeconstants.reg.scale.ml_ranfor_aorsf_fast.tuned","cv",3,6.53853348038707,0.162977614040245,0.745406210422516,0.73870062828064,92.8009999999999,0.179000000000087,"ORSF-fast","ORSF-fast"
"13","GRACE (N=1000)","2f969aa3-1e72-4d01-bd66-0a934e532b4b",8,"grace","class.binary_enc.removeconstants.reg.scale.ml_ranfor_aorsf_cph.tuned","cv",1,3.41417309638058,0.16925069710878,0.692736983299255,0.683385074138641,106.875,0.207000000000107,"ORSF-cph","ORSF-cph"
"14","GRACE (N=1000)","2f969aa3-1e72-4d01-bd66-0a934e532b4b",8,"grace","class.binary_enc.removeconstants.reg.scale.ml_ranfor_aorsf_cph.tuned","cv",2,2.16146360621856,0.164317478676375,0.707191228866577,0.701444327831268,108.535,0.197999999999865,"ORSF-cph","ORSF-cph"
"15","GRACE (N=1000)","2f969aa3-1e72-4d01-bd66-0a934e532b4b",8,"grace","class.binary_enc.removeconstants.reg.scale.ml_ranfor_aorsf_cph.tuned","cv",3,9.89759149796435,0.161958418756036,0.746266961097717,0.738824903964996,109.879,0.210999999999785,"ORSF-cph","ORSF-cph"
"16","GRACE (N=1000)","6fee8bdf-74eb-4fac-a8e4-8bcdac07b688",9,"grace","class.binary_enc.removeconstants.reg.scale.ml_ranfor_aorsf_net.tuned","cv",1,2.84515863228952,0.169627243857268,0.688978314399719,0.680228888988495,1514.094,0.172000000000025,"ORSF-net","ORSF-net"
"17","GRACE (N=1000)","6fee8bdf-74eb-4fac-a8e4-8bcdac07b688",9,"grace","class.binary_enc.removeconstants.reg.scale.ml_ranfor_aorsf_net.tuned","cv",2,1.66780326299355,0.166405320123866,0.707999706268311,0.701162993907928,1501.222,0.210999999999331,"ORSF-net","ORSF-net"
"18","GRACE (N=1000)","6fee8bdf-74eb-4fac-a8e4-8bcdac07b688",9,"grace","class.binary_enc.removeconstants.reg.scale.ml_ranfor_aorsf_net.tuned","cv",3,11.4161137314365,0.16478513437775,0.745144248008728,0.739150643348694,1428.225,0.173999999999978,"ORSF-net","ORSF-net"
"19","GRACE (N=1000)","80cb3e8b-740b-4d04-b7cc-9915aa93ad35",10,"grace","class.binary_enc.removeconstants.reg.scale.surv.aorsfnew_min.tuned","cv",1,7.33357806861858,0.166502264021034,0.702836096286774,0.695474445819855,15514.551,0.171999999998661,"ORSF-lasso-min","ORSF-lasso-min"
"20","GRACE (N=1000)","80cb3e8b-740b-4d04-b7cc-9915aa93ad35",10,"grace","class.binary_enc.removeconstants.reg.scale.surv.aorsfnew_min.tuned","cv",2,2.24506032676225,0.165486691974243,0.711464405059814,0.706779778003693,16174.151,0.182999999997264,"ORSF-lasso-min","ORSF-lasso-min"
"21","GRACE (N=1000)","80cb3e8b-740b-4d04-b7cc-9915aa93ad35",10,"grace","class.binary_enc.removeconstants.reg.scale.surv.aorsfnew_min.tuned","cv",3,9.18956941263631,0.16356278061815,0.745555937290192,0.739334404468536,16407.553,0.184999999997672,"ORSF-lasso-min","ORSF-lasso-min"
"22","GRACE (N=1000)","034988b2-1a86-4165-9d4c-23fe443b20b7",11,"grace","class.binary_enc.removeconstants.reg.scale.surv.aorsfnew_se.tuned","cv",1,10.8657218875728,0.170479871648455,0.702456414699554,0.697936356067657,12555.434,0.590000000011059,"ORSF-lasso-net","ORSF-lasso-net"
"23","GRACE (N=1000)","034988b2-1a86-4165-9d4c-23fe443b20b7",11,"grace","class.binary_enc.removeconstants.reg.scale.surv.aorsfnew_se.tuned","cv",2,4.60944945770097,0.177302168117028,0.683631062507629,0.684182822704315,11893.754,0.186000000001513,"ORSF-lasso-net","ORSF-lasso-net"
"24","GRACE (N=1000)","034988b2-1a86-4165-9d4c-23fe443b20b7",11,"grace","class.binary_enc.removeconstants.reg.scale.surv.aorsfnew_se.tuned","cv",3,2.09062363870338,0.177116034469946,0.705662190914154,0.707584381103516,12579.143,0.164999999993597,"ORSF-lasso-net","ORSF-lasso-net"
"25","GRACE (N=1000)","6f75efe2-bb82-4a79-b995-f23ced61b7af",12,"grace","class.binary_enc.removeconstants.reg.scale.surv.aorsfnew_mr_2q.tuned","cv",1,14.7067940459904,0.17565033801797,0.679904341697693,0.667409002780914,4695.26300000001,0.172000000005937,"ORSF-mrmr-2q","ORSF-mrmr-2q"
"26","GRACE (N=1000)","6f75efe2-bb82-4a79-b995-f23ced61b7af",12,"grace","class.binary_enc.removeconstants.reg.scale.surv.aorsfnew_mr_2q.tuned","cv",2,3.27670292241308,0.173009385092982,0.696469843387604,0.685759484767914,4917.09,0.179999999993015,"ORSF-mrmr-2q","ORSF-mrmr-2q"
"27","GRACE (N=1000)","6f75efe2-bb82-4a79-b995-f23ced61b7af",12,"grace","class.binary_enc.removeconstants.reg.scale.surv.aorsfnew_mr_2q.tuned","cv",3,13.2605351262563,0.163783105840878,0.75292843580246,0.742751359939575,4484.524,0.177000000010594,"ORSF-mrmr-2q","ORSF-mrmr-2q"
"28","GRACE (N=1000)","13c537a8-e289-4d49-b586-61fc81d80e12",13,"grace","class.binary_enc.removeconstants.reg.scale.surv.aorsfnew_mr_1q.tuned","cv",1,4.49309341166012,0.169321431571473,0.695204854011536,0.683165431022644,4800.66800000001,0.194000000003143,"ORSF-mrmr-1q","ORSF-mrmr-1q"
"29","GRACE (N=1000)","13c537a8-e289-4d49-b586-61fc81d80e12",13,"grace","class.binary_enc.removeconstants.reg.scale.surv.aorsfnew_mr_1q.tuned","cv",2,2.93729603824711,0.167760106238007,0.712965786457062,0.704301953315735,4563.417,0.186000000001513,"ORSF-mrmr-1q","ORSF-mrmr-1q"
"30","GRACE (N=1000)","13c537a8-e289-4d49-b586-61fc81d80e12",13,"grace","class.binary_enc.removeconstants.reg.scale.surv.aorsfnew_mr_1q.tuned","cv",3,7.90440482687575,0.161124659086464,0.751655995845795,0.743128955364227,4847.06200000001,0.172000000005937,"ORSF-mrmr-1q","ORSF-mrmr-1q"
"31","GRACE (N=1000)","e65383e9-306b-40a6-aaa4-e374510736ec",14,"grace","class.binary_enc.removeconstants.reg.scale.surv.aorsfnew_mr_3q.tuned","cv",1,10.2899823857532,0.177722218909266,0.667736053466797,0.653529703617096,4426.45300000001,0.184999999997672,"ORSF-mrmr-3q","ORSF-mrmr-3q"
"32","GRACE (N=1000)","e65383e9-306b-40a6-aaa4-e374510736ec",14,"grace","class.binary_enc.removeconstants.reg.scale.surv.aorsfnew_mr_3q.tuned","cv",2,3.52401950685109,0.172810351370755,0.696277320384979,0.685299575328827,4410.357,0.180000000007567,"ORSF-mrmr-3q","ORSF-mrmr-3q"
"33","GRACE (N=1000)","e65383e9-306b-40a6-aaa4-e374510736ec",14,"grace","class.binary_enc.removeconstants.reg.scale.surv.aorsfnew_mr_3q.tuned","cv",3,17.4198971660753,0.168598063365787,0.746285676956177,0.735449969768524,4132.21000000001,0.198000000003958,"ORSF-mrmr-3q","ORSF-mrmr-3q"
"34","GRACE (N=1000)","c223a778-b30f-4189-bf4d-acc06a4349c9",15,"grace","class.binary_enc.removeconstants.reg.scale.surv.aorsfnew_cv_fndr.tuned","cv",1,1.62810029187251,0.169471605348153,0.688219010829926,0.678138494491577,7482.85000000001,0.176000000006752,"ORSF-cars-fndr","ORSF-cars-fndr"
"35","GRACE (N=1000)","c223a778-b30f-4189-bf4d-acc06a4349c9",15,"grace","class.binary_enc.removeconstants.reg.scale.surv.aorsfnew_cv_fndr.tuned","cv",2,2.67649218720971,0.164593669095723,0.714698195457458,0.708195269107819,7624.397,0.184999999997672,"ORSF-cars-fndr","ORSF-cars-fndr"
"36","GRACE (N=1000)","c223a778-b30f-4189-bf4d-acc06a4349c9",15,"grace","class.binary_enc.removeconstants.reg.scale.surv.aorsfnew_cv_fndr.tuned","cv",3,8.69595017776044,0.163759703498031,0.748811781406403,0.740862727165222,7362.57000000001,0.170000000012806,"ORSF-cars-fndr","ORSF-cars-fndr"
"37","GRACE (N=1000)","0e93d09a-4fc2-490c-a4d7-4d308cd53cbf",16,"grace","class.binary_enc.removeconstants.reg.scale.surv.aorsfnew_cv_1q.tuned","cv",1,3.19893116858739,0.171416070227482,0.689965426921844,0.677833557128906,4877.56700000001,0.202999999979511,"ORSF-cars-1q","ORSF-cars-1q"
"38","GRACE (N=1000)","0e93d09a-4fc2-490c-a4d7-4d308cd53cbf",16,"grace","class.binary_enc.removeconstants.reg.scale.surv.aorsfnew_cv_1q.tuned","cv",2,7.88893314373079,0.167798035479067,0.714967668056488,0.706253230571747,4549.307,0.176000000006752,"ORSF-cars-1q","ORSF-cars-1q"
"39","GRACE (N=1000)","0e93d09a-4fc2-490c-a4d7-4d308cd53cbf",16,"grace","class.binary_enc.removeconstants.reg.scale.surv.aorsfnew_cv_1q.tuned","cv",3,11.3356538303887,0.163609159248504,0.756315231323242,0.748061776161194,4929.976,0.199999999982538,"ORSF-cars-1q","ORSF-cars-1q"
"40","GRACE (N=1000)","fde6d3e6-e5bf-4fc6-9480-fb2fe5064f84",17,"grace","class.binary_enc.removeconstants.reg.scale.surv.aorsfnew_cv_2q.tuned","cv",1,3.45811537251167,0.171665946927403,0.688446760177612,0.676651537418365,4597.43299999999,0.209000000002561,"ORSF-cars-2q","ORSF-cars-2q"
"41","GRACE (N=1000)","fde6d3e6-e5bf-4fc6-9480-fb2fe5064f84",17,"grace","class.binary_enc.removeconstants.reg.scale.surv.aorsfnew_cv_2q.tuned","cv",2,5.6005459414424,0.167011640711782,0.714890658855438,0.705841064453125,4492.902,0.191999999980908,"ORSF-cars-2q","ORSF-cars-2q"
"42","GRACE (N=1000)","fde6d3e6-e5bf-4fc6-9480-fb2fe5064f84",17,"grace","class.binary_enc.removeconstants.reg.scale.surv.aorsfnew_cv_2q.tuned","cv",3,11.9039795401663,0.161919373686295,0.750495851039886,0.74222332239151,4960.87,0.189000000013039,"ORSF-cars-2q","ORSF-cars-2q"
"43","GRACE (N=1000)","8ce5c31c-9900-4c49-ac38-d28a30f8398a",18,"grace","class.binary_enc.removeconstants.reg.scale.surv.aorsfnew_cv_3q.tuned","cv",1,7.24292805412756,0.17056784376233,0.690572917461395,0.679716289043427,4534.64099999997,0.182000000000698,"ORSF-cars-3q","ORSF-cars-3q"
"44","GRACE (N=1000)","8ce5c31c-9900-4c49-ac38-d28a30f8398a",18,"grace","class.binary_enc.removeconstants.reg.scale.surv.aorsfnew_cv_3q.tuned","cv",2,8.63734123981974,0.165691446584818,0.717700958251953,0.708772242069244,4514.55499999999,0.175000000017462,"ORSF-cars-3q","ORSF-cars-3q"
"45","GRACE (N=1000)","8ce5c31c-9900-4c49-ac38-d28a30f8398a",18,"grace","class.binary_enc.removeconstants.reg.scale.surv.aorsfnew_cv_3q.tuned","cv",3,13.0870817871774,0.164304430839934,0.75019645690918,0.742580056190491,4943.33900000001,0.186999999976251,"ORSF-cars-3q","ORSF-cars-3q"
"46","SMARTO (N=3873)","5415fd21-bfb4-4b5f-aafc-61f85eb8713e",2,"smarto","class.binary_enc.removeconstants.reg.scale.class_semipar_coxph","cv",1,0.742239131634079,0.0997577646529021,0.662935435771942,0.741292834281921,1.591,1.231,"coxph","coxph"
"47","SMARTO (N=3873)","5415fd21-bfb4-4b5f-aafc-61f85eb8713e",2,"smarto","class.binary_enc.removeconstants.reg.scale.class_semipar_coxph","cv",2,0.747250219259098,0.109576559019336,0.657496750354767,0.663804590702057,1.521,0.837,"coxph","coxph"
"48","SMARTO (N=3873)","5415fd21-bfb4-4b5f-aafc-61f85eb8713e",2,"smarto","class.binary_enc.removeconstants.reg.scale.class_semipar_coxph","cv",3,0.453649342444324,0.104759356653729,0.697540521621704,0.725629091262817,1.591,0.759999999999998,"coxph","coxph"
"49","SMARTO (N=3873)","4aeab674-bdb4-4329-946c-ba2f5963f9d3",5,"smarto","class.binary_enc.removeconstants.reg.scale.class_semipar_penalized.tuned","cv",1,0.899957635882945,0.0994666674424348,0.666690409183502,0.743199169635773,284.056,0.595000000000027,"Penalized Cox PH","Penalized Cox PH"
"50","SMARTO (N=3873)","4aeab674-bdb4-4329-946c-ba2f5963f9d3",5,"smarto","class.binary_enc.removeconstants.reg.scale.class_semipar_penalized.tuned","cv",2,1.20567628412446,0.108159253099053,0.660119831562042,0.653621912002563,236.395,0.743999999999915,"Penalized Cox PH","Penalized Cox PH"
"51","SMARTO (N=3873)","4aeab674-bdb4-4329-946c-ba2f5963f9d3",5,"smarto","class.binary_enc.removeconstants.reg.scale.class_semipar_penalized.tuned","cv",3,0.474064969499057,0.104142146179163,0.703264594078064,0.730228841304779,270.191,0.651000000000067,"Penalized Cox PH","Penalized Cox PH"
"52","SMARTO (N=3873)","60b6cd83-7ddc-4915-81e9-8fddf4438980",6,"smarto","class.binary_enc.removeconstants.reg.scale.ml_ranfor_rfsrc_brier.tuned","cv",1,0.698014406864379,0.101825414031213,0.667728185653687,0.692345023155212,1226.943,1.1279999999997,"RSF","RSF"
"53","SMARTO (N=3873)","60b6cd83-7ddc-4915-81e9-8fddf4438980",6,"smarto","class.binary_enc.removeconstants.reg.scale.ml_ranfor_rfsrc_brier.tuned","cv",2,2.63744737248535,0.110678360402811,0.656931161880493,0.646109879016876,1317.584,1.03900000000067,"RSF","RSF"
"54","SMARTO (N=3873)","60b6cd83-7ddc-4915-81e9-8fddf4438980",6,"smarto","class.binary_enc.removeconstants.reg.scale.ml_ranfor_rfsrc_brier.tuned","cv",3,2.07112216973329,0.104980886418499,0.699069201946259,0.712495803833008,1354.964,1.24399999999969,"RSF","RSF"
"55","SMARTO (N=3873)","0feede90-5457-44ab-a7e6-a7a96e62d1ab",7,"smarto","class.binary_enc.removeconstants.reg.scale.ml_ranfor_aorsf_fast.tuned","cv",1,1.48266448922248,0.100105303526353,0.665811121463776,0.734291672706604,424.089,1.11399999999958,"ORSF-fast","ORSF-fast"
"56","SMARTO (N=3873)","0feede90-5457-44ab-a7e6-a7a96e62d1ab",7,"smarto","class.binary_enc.removeconstants.reg.scale.ml_ranfor_aorsf_fast.tuned","cv",2,1.57329966496272,0.11021475270499,0.664554536342621,0.657613515853882,417.126999999999,1.21200000000044,"ORSF-fast","ORSF-fast"
"57","SMARTO (N=3873)","0feede90-5457-44ab-a7e6-a7a96e62d1ab",7,"smarto","class.binary_enc.removeconstants.reg.scale.ml_ranfor_aorsf_fast.tuned","cv",3,1.73133760025591,0.105207853056196,0.709073603153229,0.703197121620178,441.388,1.21299999999974,"ORSF-fast","ORSF-fast"
"58","SMARTO (N=3873)","92eda810-c68c-42fd-9cc1-44d63b7ec03d",8,"smarto","class.binary_enc.removeconstants.reg.scale.ml_ranfor_aorsf_cph.tuned","cv",1,1.24806730368533,0.100950775797371,0.661248028278351,0.727975964546204,509.407,1.05799999999999,"ORSF-cph","ORSF-cph"
"59","SMARTO (N=3873)","92eda810-c68c-42fd-9cc1-44d63b7ec03d",8,"smarto","class.binary_enc.removeconstants.reg.scale.ml_ranfor_aorsf_cph.tuned","cv",2,1.5675062121453,0.110478755582864,0.660308361053467,0.656066298484802,510.973000000001,1.09000000000015,"ORSF-cph","ORSF-cph"
"60","SMARTO (N=3873)","92eda810-c68c-42fd-9cc1-44d63b7ec03d",8,"smarto","class.binary_enc.removeconstants.reg.scale.ml_ranfor_aorsf_cph.tuned","cv",3,2.79369084612778,0.105928486562557,0.703374981880188,0.698488533496857,502.662999999999,0.904999999998836,"ORSF-cph","ORSF-cph"
"61","SMARTO (N=3873)","9acbcf80-eb5f-45e8-b7fd-d5d8f2571fe6",9,"smarto","class.binary_enc.removeconstants.reg.scale.ml_ranfor_aorsf_net.tuned","cv",1,1.11784826142718,0.100160667842781,0.66602498292923,0.713159084320068,6240.865,0.846999999999753,"ORSF-net","ORSF-net"
"62","SMARTO (N=3873)","9acbcf80-eb5f-45e8-b7fd-d5d8f2571fe6",9,"smarto","class.binary_enc.removeconstants.reg.scale.ml_ranfor_aorsf_net.tuned","cv",2,1.70497544572401,0.110281294643564,0.664079070091248,0.655039846897125,6015.763,1.23300000000017,"ORSF-net","ORSF-net"
"63","SMARTO (N=3873)","9acbcf80-eb5f-45e8-b7fd-d5d8f2571fe6",9,"smarto","class.binary_enc.removeconstants.reg.scale.ml_ranfor_aorsf_net.tuned","cv",3,3.09528107346982,0.105442949472711,0.705795407295227,0.702126383781433,5995.948,0.955000000001746,"ORSF-net","ORSF-net"
"64","SMARTO (N=3873)","e0b9b4b8-905f-4eb8-b712-ce9a7f7b13ae",10,"smarto","class.binary_enc.removeconstants.reg.scale.surv.aorsfnew_min.tuned","cv",1,0.902674651204727,0.100763837851025,0.669257164001465,0.715991497039795,39292.14,0.61699999999837,"ORSF-lasso-min","ORSF-lasso-min"
"65","SMARTO (N=3873)","e0b9b4b8-905f-4eb8-b712-ce9a7f7b13ae",10,"smarto","class.binary_enc.removeconstants.reg.scale.surv.aorsfnew_min.tuned","cv",2,1.57922953399525,0.109755084013744,0.666070997714996,0.656805276870728,46216.909,0.724000000001979,"ORSF-lasso-min","ORSF-lasso-min"
"66","SMARTO (N=3873)","e0b9b4b8-905f-4eb8-b712-ce9a7f7b13ae",10,"smarto","class.binary_enc.removeconstants.reg.scale.surv.aorsfnew_min.tuned","cv",3,1.84624531253064,0.105179065927547,0.712632060050964,0.715494990348816,41994.482,0.679999999993015,"ORSF-lasso-min","ORSF-lasso-min"
"67","SMARTO (N=3873)","3e6ce55a-9780-42df-bcbb-c6377639d911",11,"smarto","class.binary_enc.removeconstants.reg.scale.surv.aorsfnew_se.tuned","cv",1,0.265372150036618,0.106018751740664,0.68001127243042,0.704488039016724,12507.169,1.62200000000303,"ORSF-lasso-net","ORSF-lasso-net"
"68","SMARTO (N=3873)","3e6ce55a-9780-42df-bcbb-c6377639d911",11,"smarto","class.binary_enc.removeconstants.reg.scale.surv.aorsfnew_se.tuned","cv",2,2.43912987298244,0.111009082327131,0.66004604101181,0.638993918895721,16648.497,0.703999999997905,"ORSF-lasso-net","ORSF-lasso-net"
"69","SMARTO (N=3873)","3e6ce55a-9780-42df-bcbb-c6377639d911",11,"smarto","class.binary_enc.removeconstants.reg.scale.surv.aorsfnew_se.tuned","cv",3,0.939315246391621,0.107350631443816,0.688028693199158,0.726317226886749,12596.769,0.842999999993481,"ORSF-lasso-net","ORSF-lasso-net"
"70","SMARTO (N=3873)","c9d9559c-8169-462a-b622-452a3f9dfcba",12,"smarto","class.binary_enc.removeconstants.reg.scale.surv.aorsfnew_mr_2q.tuned","cv",1,0.877545042859932,0.102837986243058,0.664543569087982,0.715036153793335,15200.588,0.719000000011874,"ORSF-mrmr-2q","ORSF-mrmr-2q"
"71","SMARTO (N=3873)","c9d9559c-8169-462a-b622-452a3f9dfcba",12,"smarto","class.binary_enc.removeconstants.reg.scale.surv.aorsfnew_mr_2q.tuned","cv",2,2.3107837302953,0.110713234914369,0.659824728965759,0.655462086200714,15568.675,0.926000000006752,"ORSF-mrmr-2q","ORSF-mrmr-2q"
"72","SMARTO (N=3873)","c9d9559c-8169-462a-b622-452a3f9dfcba",12,"smarto","class.binary_enc.removeconstants.reg.scale.surv.aorsfnew_mr_2q.tuned","cv",3,0.440583853899557,0.110400847496722,0.679765284061432,0.693441152572632,14576.746,0.711000000010245,"ORSF-mrmr-2q","ORSF-mrmr-2q"
"73","SMARTO (N=3873)","9a365951-590e-48c5-aa06-5357338fc3b1",13,"smarto","class.binary_enc.removeconstants.reg.scale.surv.aorsfnew_mr_1q.tuned","cv",1,1.33108474168484,0.102685327969395,0.658411979675293,0.703844785690308,16503.518,0.889999999984866,"ORSF-mrmr-1q","ORSF-mrmr-1q"
"74","SMARTO (N=3873)","9a365951-590e-48c5-aa06-5357338fc3b1",13,"smarto","class.binary_enc.removeconstants.reg.scale.surv.aorsfnew_mr_1q.tuned","cv",2,2.47084248626324,0.110516515960918,0.661144495010376,0.644165277481079,16911.113,0.779999999969732,"ORSF-mrmr-1q","ORSF-mrmr-1q"
"75","SMARTO (N=3873)","9a365951-590e-48c5-aa06-5357338fc3b1",13,"smarto","class.binary_enc.removeconstants.reg.scale.surv.aorsfnew_mr_1q.tuned","cv",3,2.83972512850659,0.106497032212176,0.707578897476196,0.703015506267548,17254.075,0.690000000002328,"ORSF-mrmr-1q","ORSF-mrmr-1q"
"76","SMARTO (N=3873)","db55f499-6bc7-4483-a15c-8d716a21c1d4",14,"smarto","class.binary_enc.removeconstants.reg.scale.surv.aorsfnew_mr_3q.tuned","cv",1,0.236257365867544,0.107090118038102,0.668037176132202,0.707166790962219,10211.009,0.788000000000466,"ORSF-mrmr-3q","ORSF-mrmr-3q"
"77","SMARTO (N=3873)","db55f499-6bc7-4483-a15c-8d716a21c1d4",14,"smarto","class.binary_enc.removeconstants.reg.scale.surv.aorsfnew_mr_3q.tuned","cv",2,1.5089123778609,0.11275086774513,0.661210060119629,0.655243575572968,9440.08400000003,0.720000000030268,"ORSF-mrmr-3q","ORSF-mrmr-3q"
"78","SMARTO (N=3873)","db55f499-6bc7-4483-a15c-8d716a21c1d4",14,"smarto","class.binary_enc.removeconstants.reg.scale.surv.aorsfnew_mr_3q.tuned","cv",3,0.404097078949263,0.111039119253233,0.671332001686096,0.70172905921936,8092.462,0.684999999997672,"ORSF-mrmr-3q","ORSF-mrmr-3q"
"79","SMARTO (N=3873)","748403cb-d10e-492f-b1b8-9f3d72d9a2a6",15,"smarto","class.binary_enc.removeconstants.reg.scale.surv.aorsfnew_cv_fndr.tuned","cv",1,1.29679844026263,0.100955689917709,0.656748354434967,0.729677677154541,26314.544,0.713000000047032,"ORSF-cars-fndr","ORSF-cars-fndr"
"80","SMARTO (N=3873)","748403cb-d10e-492f-b1b8-9f3d72d9a2a6",15,"smarto","class.binary_enc.removeconstants.reg.scale.surv.aorsfnew_cv_fndr.tuned","cv",2,1.38221245586024,0.1114222306231,0.66101336479187,0.655188381671906,23470.424,0.662000000011176,"ORSF-cars-fndr","ORSF-cars-fndr"
"81","SMARTO (N=3873)","748403cb-d10e-492f-b1b8-9f3d72d9a2a6",15,"smarto","class.binary_enc.removeconstants.reg.scale.surv.aorsfnew_cv_fndr.tuned","cv",3,3.19015530056884,0.105309714275032,0.708699941635132,0.711556315422058,25323.489,0.675999999977648,"ORSF-cars-fndr","ORSF-cars-fndr"
"82","SMARTO (N=3873)","65db9e22-7e30-46b0-ad75-dc3054eee849",16,"smarto","class.binary_enc.removeconstants.reg.scale.surv.aorsfnew_cv_1q.tuned","cv",1,0.513597316962429,0.104287719534555,0.671095073223114,0.712768256664276,12197.094,0.657000000006519,"ORSF-cars-1q","ORSF-cars-1q"
"83","SMARTO (N=3873)","65db9e22-7e30-46b0-ad75-dc3054eee849",16,"smarto","class.binary_enc.removeconstants.reg.scale.surv.aorsfnew_cv_1q.tuned","cv",2,2.22026970061926,0.110943646330524,0.666480839252472,0.651244699954987,9813.40500000003,0.872000000032131,"ORSF-cars-1q","ORSF-cars-1q"
"84","SMARTO (N=3873)","65db9e22-7e30-46b0-ad75-dc3054eee849",16,"smarto","class.binary_enc.removeconstants.reg.scale.surv.aorsfnew_cv_1q.tuned","cv",3,0.494085860675878,0.108457934482459,0.692886531352997,0.70920318365097,8704.09400000004,0.690000000002328,"ORSF-cars-1q","ORSF-cars-1q"
"85","SMARTO (N=3873)","b4cc1a4a-f61e-4f2d-be99-a3e44d77465f",17,"smarto","class.binary_enc.removeconstants.reg.scale.surv.aorsfnew_cv_2q.tuned","cv",1,0.870455905426041,0.103826992599776,0.667712390422821,0.720117032527924,15918.757,0.707000000053085,"ORSF-cars-2q","ORSF-cars-2q"
"86","SMARTO (N=3873)","b4cc1a4a-f61e-4f2d-be99-a3e44d77465f",17,"smarto","class.binary_enc.removeconstants.reg.scale.surv.aorsfnew_cv_2q.tuned","cv",2,2.89194654940414,0.11069233019297,0.663857758045197,0.648881196975708,14828.228,0.746999999973923,"ORSF-cars-2q","ORSF-cars-2q"
"87","SMARTO (N=3873)","b4cc1a4a-f61e-4f2d-be99-a3e44d77465f",17,"smarto","class.binary_enc.removeconstants.reg.scale.surv.aorsfnew_cv_2q.tuned","cv",3,0.6952963018442,0.108678879835318,0.693107306957245,0.699056386947632,11471.161,0.70599999994738,"ORSF-cars-2q","ORSF-cars-2q"
"88","SMARTO (N=3873)","366947bb-1c8e-465e-bb8e-869e256c1dd1",18,"smarto","class.binary_enc.removeconstants.reg.scale.surv.aorsfnew_cv_3q.tuned","cv",1,1.16521493586995,0.101357701567004,0.664987206459045,0.731919050216675,15669.934,1.39299999998184,"ORSF-cars-3q","ORSF-cars-3q"
"89","SMARTO (N=3873)","366947bb-1c8e-465e-bb8e-869e256c1dd1",18,"smarto","class.binary_enc.removeconstants.reg.scale.surv.aorsfnew_cv_3q.tuned","cv",2,1.19443065048234,0.110989807209672,0.657390177249908,0.650513589382172,15765.785,0.773999999975786,"ORSF-cars-3q","ORSF-cars-3q"
"90","SMARTO (N=3873)","366947bb-1c8e-465e-bb8e-869e256c1dd1",18,"smarto","class.binary_enc.removeconstants.reg.scale.surv.aorsfnew_cv_3q.tuned","cv",3,3.33668541253374,0.106490878728221,0.703001320362091,0.704842984676361,14615.78,0.723999999987427,"ORSF-cars-3q","ORSF-cars-3q"
"91","COST (N=518)","19571691-39fe-496d-9cfc-26b741d3d20c",2,"cost","class.binary_enc.removeconstants.reg.scale.class_semipar_coxph","cv",1,47.8320116113534,0.168244713930837,0.67188823223114,0.67188823223114,0.449999999999999,0.146000000000001,"coxph","coxph"
"92","COST (N=518)","19571691-39fe-496d-9cfc-26b741d3d20c",2,"cost","class.binary_enc.removeconstants.reg.scale.class_semipar_coxph","cv",2,51.3913771712143,0.174904325635954,0.671582818031311,0.671582818031311,0.457999999999998,0.146000000000001,"coxph","coxph"
"93","COST (N=518)","19571691-39fe-496d-9cfc-26b741d3d20c",2,"cost","class.binary_enc.removeconstants.reg.scale.class_semipar_coxph","cv",3,235.274447408178,0.162230405184171,0.683620274066925,0.683620274066925,0.475000000000001,0.135999999999999,"coxph","coxph"
"94","COST (N=518)","a7767d4f-edb9-4a81-b1d2-125319877727",5,"cost","class.binary_enc.removeconstants.reg.scale.class_semipar_penalized.tuned","cv",1,28.6495623128812,0.167335538605926,0.674357891082764,0.674357891082764,75.445,0.187000000000012,"Penalized Cox PH","Penalized Cox PH"
"95","COST (N=518)","a7767d4f-edb9-4a81-b1d2-125319877727",5,"cost","class.binary_enc.removeconstants.reg.scale.class_semipar_penalized.tuned","cv",2,25.4465362795828,0.172554604596067,0.67779266834259,0.67779266834259,77.745,0.197000000000003,"Penalized Cox PH","Penalized Cox PH"
"96","COST (N=518)","a7767d4f-edb9-4a81-b1d2-125319877727",5,"cost","class.binary_enc.removeconstants.reg.scale.class_semipar_penalized.tuned","cv",3,40.9298573734468,0.164141594490715,0.681191504001617,0.681191504001617,78.486,0.153999999999996,"Penalized Cox PH","Penalized Cox PH"
"97","COST (N=518)","0736d7a0-a8ba-4f06-8bb0-85caf97f40e4",6,"cost","class.binary_enc.removeconstants.reg.scale.ml_ranfor_rfsrc_brier.tuned","cv",1,12.0374703745272,0.171020766751622,0.668571829795837,0.668571829795837,133.753,0.213000000000079,"RSF","RSF"
"98","COST (N=518)","0736d7a0-a8ba-4f06-8bb0-85caf97f40e4",6,"cost","class.binary_enc.removeconstants.reg.scale.ml_ranfor_rfsrc_brier.tuned","cv",2,4.0540226885524,0.176257187503778,0.677298724651337,0.677298724651337,138.305,0.187999999999988,"RSF","RSF"
"99","COST (N=518)","0736d7a0-a8ba-4f06-8bb0-85caf97f40e4",6,"cost","class.binary_enc.removeconstants.reg.scale.ml_ranfor_rfsrc_brier.tuned","cv",3,7.06075827184145,0.177106841861822,0.663976013660431,0.663976013660431,139.737,0.226000000000113,"RSF","RSF"
"100","COST (N=518)","e665ae6c-3329-4b52-91b5-e907b6a4c2e1",7,"cost","class.binary_enc.removeconstants.reg.scale.ml_ranfor_aorsf_fast.tuned","cv",1,17.555418554565,0.163662259061238,0.683883726596832,0.683883726596832,111.096,0.171000000000049,"ORSF-fast","ORSF-fast"
"101","COST (N=518)","e665ae6c-3329-4b52-91b5-e907b6a4c2e1",7,"cost","class.binary_enc.removeconstants.reg.scale.ml_ranfor_aorsf_fast.tuned","cv",2,6.45333756150761,0.172585350276348,0.682308912277222,0.682308912277222,106.564,0.23700000000008,"ORSF-fast","ORSF-fast"
"102","COST (N=518)","e665ae6c-3329-4b52-91b5-e907b6a4c2e1",7,"cost","class.binary_enc.removeconstants.reg.scale.ml_ranfor_aorsf_fast.tuned","cv",3,8.30079396220435,0.168908269743497,0.673833847045898,0.673833847045898,111.148,0.168999999999869,"ORSF-fast","ORSF-fast"
"103","COST (N=518)","e143bdf5-3994-4118-9077-7c82a55d74dc",8,"cost","class.binary_enc.removeconstants.reg.scale.ml_ranfor_aorsf_cph.tuned","cv",1,15.1773642821709,0.16476177736925,0.683530926704407,0.683530926704407,115.079,0.214999999999918,"ORSF-cph","ORSF-cph"
"104","COST (N=518)","e143bdf5-3994-4118-9077-7c82a55d74dc",8,"cost","class.binary_enc.removeconstants.reg.scale.ml_ranfor_aorsf_cph.tuned","cv",2,8.14042855398309,0.171709422465971,0.674264371395111,0.674264371395111,123.683,0.180000000000064,"ORSF-cph","ORSF-cph"
"105","COST (N=518)","e143bdf5-3994-4118-9077-7c82a55d74dc",8,"cost","class.binary_enc.removeconstants.reg.scale.ml_ranfor_aorsf_cph.tuned","cv",3,4.27101607771511,0.166509262565008,0.679762840270996,0.679762840270996,120.174,0.202999999999975,"ORSF-cph","ORSF-cph"
"106","COST (N=518)","35f3cc04-0c34-449a-a9f3-1933dee421bb",9,"cost","class.binary_enc.removeconstants.reg.scale.ml_ranfor_aorsf_net.tuned","cv",1,19.2169381548663,0.163921010632725,0.681555151939392,0.681555151939392,936.897,0.182000000000244,"ORSF-net","ORSF-net"
"107","COST (N=518)","35f3cc04-0c34-449a-a9f3-1933dee421bb",9,"cost","class.binary_enc.removeconstants.reg.scale.ml_ranfor_aorsf_net.tuned","cv",2,5.35687082011492,0.17363644953414,0.679133415222168,0.679133415222168,1001.585,0.192000000000007,"ORSF-net","ORSF-net"
"108","COST (N=518)","35f3cc04-0c34-449a-a9f3-1933dee421bb",9,"cost","class.binary_enc.removeconstants.reg.scale.ml_ranfor_aorsf_net.tuned","cv",3,4.94397762087441,0.168771227671045,0.672976613044739,0.672976613044739,985.32,0.198999999999614,"ORSF-net","ORSF-net"
"109","COST (N=518)","3723df14-33eb-460a-aecd-33e99468c8ff",10,"cost","class.binary_enc.removeconstants.reg.scale.surv.aorsfnew_min.tuned","cv",1,13.860911802079,0.168791495885741,0.674075663089752,0.674075663089752,9894.275,0.206999999998516,"ORSF-lasso-min","ORSF-lasso-min"
"110","COST (N=518)","3723df14-33eb-460a-aecd-33e99468c8ff",10,"cost","class.binary_enc.removeconstants.reg.scale.surv.aorsfnew_min.tuned","cv",2,5.63284470932617,0.175508233290936,0.674052655696869,0.674052655696869,10295.209,0.216000000000349,"ORSF-lasso-min","ORSF-lasso-min"
"111","COST (N=518)","3723df14-33eb-460a-aecd-33e99468c8ff",10,"cost","class.binary_enc.removeconstants.reg.scale.surv.aorsfnew_min.tuned","cv",3,3.69860161598681,0.173889366618613,0.664476037025452,0.664476037025452,10382.43,0.215999999993073,"ORSF-lasso-min","ORSF-lasso-min"
"112","COST (N=518)","1e4fc9e5-0936-4464-86a3-0c4a2295ae0a",11,"cost","class.binary_enc.removeconstants.reg.scale.surv.aorsfnew_se.tuned","cv",1,8.96403673189829,0.176801783938489,0.660598337650299,0.660598337650299,9492.232,0.184999999997672,"ORSF-lasso-net","ORSF-lasso-net"
"113","COST (N=518)","1e4fc9e5-0936-4464-86a3-0c4a2295ae0a",11,"cost","class.binary_enc.removeconstants.reg.scale.surv.aorsfnew_se.tuned","cv",2,3.81634791168277,0.184922689353422,0.644202947616577,0.644202947616577,8860.263,0.206999999994878,"ORSF-lasso-net","ORSF-lasso-net"
"114","COST (N=518)","1e4fc9e5-0936-4464-86a3-0c4a2295ae0a",11,"cost","class.binary_enc.removeconstants.reg.scale.surv.aorsfnew_se.tuned","cv",3,3.01742671340224,0.179612498932001,0.659868538379669,0.659868538379669,8684.533,0.182000000000698,"ORSF-lasso-net","ORSF-lasso-net"
"115","COST (N=518)","b224b922-c824-4fc6-b1af-d8de2cd223be",12,"cost","class.binary_enc.removeconstants.reg.scale.surv.aorsfnew_mr_2q.tuned","cv",1,8.69114589695357,0.193176524650141,0.611522734165192,0.611522734165192,1745.699,0.643000000003667,"ORSF-mrmr-2q","ORSF-mrmr-2q"
"116","COST (N=518)","b224b922-c824-4fc6-b1af-d8de2cd223be",12,"cost","class.binary_enc.removeconstants.reg.scale.surv.aorsfnew_mr_2q.tuned","cv",2,10.1946154701799,0.195464163168541,0.625149965286255,0.625149965286255,2317.977,0.184999999997672,"ORSF-mrmr-2q","ORSF-mrmr-2q"
"117","COST (N=518)","b224b922-c824-4fc6-b1af-d8de2cd223be",12,"cost","class.binary_enc.removeconstants.reg.scale.surv.aorsfnew_mr_2q.tuned","cv",3,5.8816222546228,0.195515636640876,0.614615321159363,0.614615321159363,2334.011,0.176999999996042,"ORSF-mrmr-2q","ORSF-mrmr-2q"
"118","COST (N=518)","4808b570-102a-43c7-87c8-c3874085a201",13,"cost","class.binary_enc.removeconstants.reg.scale.surv.aorsfnew_mr_1q.tuned","cv",1,7.72653546824909,0.174033217053024,0.67774486541748,0.67774486541748,3306.606,0.188000000009197,"ORSF-mrmr-1q","ORSF-mrmr-1q"
"119","COST (N=518)","4808b570-102a-43c7-87c8-c3874085a201",13,"cost","class.binary_enc.removeconstants.reg.scale.surv.aorsfnew_mr_1q.tuned","cv",2,4.77979182415755,0.178435291147693,0.673276424407959,0.673276424407959,3065.34400000001,0.188000000009197,"ORSF-mrmr-1q","ORSF-mrmr-1q"
"120","COST (N=518)","4808b570-102a-43c7-87c8-c3874085a201",13,"cost","class.binary_enc.removeconstants.reg.scale.surv.aorsfnew_mr_1q.tuned","cv",3,9.64812007334518,0.180286999795471,0.651189386844635,0.651189386844635,3018.194,0.188999999998487,"ORSF-mrmr-1q","ORSF-mrmr-1q"
"121","COST (N=518)","be2e1a12-e4df-4ec6-ac37-13077eaee551",14,"cost","class.binary_enc.removeconstants.reg.scale.surv.aorsfnew_mr_3q.tuned","cv",1,8.54613752002263,0.195640762760556,0.582380771636963,0.582380771636963,1358.71400000001,0.215000000011059,"ORSF-mrmr-3q","ORSF-mrmr-3q"
"122","COST (N=518)","be2e1a12-e4df-4ec6-ac37-13077eaee551",14,"cost","class.binary_enc.removeconstants.reg.scale.surv.aorsfnew_mr_3q.tuned","cv",2,12.2377865795808,0.201885496515361,0.618022739887238,0.618022739887238,1430.96999999999,0.179000000003725,"ORSF-mrmr-3q","ORSF-mrmr-3q"
"123","COST (N=518)","be2e1a12-e4df-4ec6-ac37-13077eaee551",14,"cost","class.binary_enc.removeconstants.reg.scale.surv.aorsfnew_mr_3q.tuned","cv",3,10.2352373391297,0.202460027572687,0.614436745643616,0.614436745643616,1705.72300000001,0.171999999991385,"ORSF-mrmr-3q","ORSF-mrmr-3q"
"124","COST (N=518)","dbb320f3-307f-453e-9328-ada8ea07bf88",15,"cost","class.binary_enc.removeconstants.reg.scale.surv.aorsfnew_cv_fndr.tuned","cv",1,14.2825819307774,0.163583824197545,0.689669787883759,0.689669787883759,4897.63800000001,0.190000000002328,"ORSF-cars-fndr","ORSF-cars-fndr"
"125","COST (N=518)","dbb320f3-307f-453e-9328-ada8ea07bf88",15,"cost","class.binary_enc.removeconstants.reg.scale.surv.aorsfnew_cv_fndr.tuned","cv",2,6.03038587122709,0.171692418488794,0.676310777664185,0.676310777664185,5108.95,0.18300000000454,"ORSF-cars-fndr","ORSF-cars-fndr"
"126","COST (N=518)","dbb320f3-307f-453e-9328-ada8ea07bf88",15,"cost","class.binary_enc.removeconstants.reg.scale.surv.aorsfnew_cv_fndr.tuned","cv",3,4.30857698800067,0.168859608184995,0.674333870410919,0.674333870410919,4966.751,0.211999999999534,"ORSF-cars-fndr","ORSF-cars-fndr"
"127","COST (N=518)","11fb6a57-e63c-4a9e-bef9-328b15d81c55",16,"cost","class.binary_enc.removeconstants.reg.scale.surv.aorsfnew_cv_1q.tuned","cv",1,14.5911224188533,0.16614539632258,0.688117384910583,0.688117384910583,3141.95599999999,0.218000000008033,"ORSF-cars-1q","ORSF-cars-1q"
"128","COST (N=518)","11fb6a57-e63c-4a9e-bef9-328b15d81c55",16,"cost","class.binary_enc.removeconstants.reg.scale.surv.aorsfnew_cv_1q.tuned","cv",2,8.17723390169697,0.173444638722177,0.673770368099213,0.673770368099213,3008.83499999999,0.190000000002328,"ORSF-cars-1q","ORSF-cars-1q"
"129","COST (N=518)","11fb6a57-e63c-4a9e-bef9-328b15d81c55",16,"cost","class.binary_enc.removeconstants.reg.scale.surv.aorsfnew_cv_1q.tuned","cv",3,8.27835951824635,0.174385949953787,0.661904394626617,0.661904394626617,3151.79000000001,0.182000000000698,"ORSF-cars-1q","ORSF-cars-1q"
"130","COST (N=518)","054afab8-5115-49a5-a356-cb36715f660f",17,"cost","class.binary_enc.removeconstants.reg.scale.surv.aorsfnew_cv_2q.tuned","cv",1,19.0517363388473,0.164492648686755,0.686565041542053,0.686565041542053,3113.95,0.232000000003609,"ORSF-cars-2q","ORSF-cars-2q"
"131","COST (N=518)","054afab8-5115-49a5-a356-cb36715f660f",17,"cost","class.binary_enc.removeconstants.reg.scale.surv.aorsfnew_cv_2q.tuned","cv",2,10.7337139226174,0.172816464715575,0.676663637161255,0.676663637161255,2998.78,0.221999999994296,"ORSF-cars-2q","ORSF-cars-2q"
"132","COST (N=518)","054afab8-5115-49a5-a356-cb36715f660f",17,"cost","class.binary_enc.removeconstants.reg.scale.surv.aorsfnew_cv_2q.tuned","cv",3,2.62906967387305,0.169764263234697,0.672548055648804,0.672548055648804,3020.099,0.197000000000116,"ORSF-cars-2q","ORSF-cars-2q"
"133","COST (N=518)","467af535-4f82-4d24-b576-dd0e618716ce",18,"cost","class.binary_enc.removeconstants.reg.scale.surv.aorsfnew_cv_3q.tuned","cv",1,13.8070733622838,0.164039527016815,0.685647785663605,0.685647785663605,3024.42600000001,0.232000000003609,"ORSF-cars-3q","ORSF-cars-3q"
"134","COST (N=518)","467af535-4f82-4d24-b576-dd0e618716ce",18,"cost","class.binary_enc.removeconstants.reg.scale.surv.aorsfnew_cv_3q.tuned","cv",2,8.33463648978366,0.173386814431312,0.674546599388123,0.674546599388123,2899.603,0.179000000003725,"ORSF-cars-3q","ORSF-cars-3q"
"135","COST (N=518)","467af535-4f82-4d24-b576-dd0e618716ce",18,"cost","class.binary_enc.removeconstants.reg.scale.surv.aorsfnew_cv_3q.tuned","cv",3,6.30828731266849,0.174003102475407,0.665547549724579,0.665547549724579,2888.23,0.179999999993015,"ORSF-cars-3q","ORSF-cars-3q"
"136","TRACE (N=1878)","98f4732b-f4b5-4608-908a-74b8e2131873",2,"trace","class.binary_enc.removeconstants.reg.scale.class_semipar_coxph","cv",1,3.89566086572773,0.161158885732376,0.737550377845764,0.734512746334076,0.311999999999999,0.218999999999998,"coxph","coxph"
"137","TRACE (N=1878)","98f4732b-f4b5-4608-908a-74b8e2131873",2,"trace","class.binary_enc.removeconstants.reg.scale.class_semipar_coxph","cv",2,23.7557510957762,0.166275039615085,0.729946315288544,0.720088601112366,0.314,0.211000000000002,"coxph","coxph"
"138","TRACE (N=1878)","98f4732b-f4b5-4608-908a-74b8e2131873",2,"trace","class.binary_enc.removeconstants.reg.scale.class_semipar_coxph","cv",3,3.27770578362564,0.160602245077383,0.745360612869263,0.73986828327179,0.314,0.507999999999999,"coxph","coxph"
"139","TRACE (N=1878)","84ba7079-4b73-4543-9582-5e92ed9ee158",5,"trace","class.binary_enc.removeconstants.reg.scale.class_semipar_penalized.tuned","cv",1,3.60885252415431,0.161311615250579,0.737287998199463,0.73510730266571,66.09,0.208000000000027,"Penalized Cox PH","Penalized Cox PH"
"140","TRACE (N=1878)","84ba7079-4b73-4543-9582-5e92ed9ee158",5,"trace","class.binary_enc.removeconstants.reg.scale.class_semipar_penalized.tuned","cv",2,17.2875780928352,0.166180321628563,0.729822278022766,0.7199866771698,67.561,0.224999999999966,"Penalized Cox PH","Penalized Cox PH"
"141","TRACE (N=1878)","84ba7079-4b73-4543-9582-5e92ed9ee158",5,"trace","class.binary_enc.removeconstants.reg.scale.class_semipar_penalized.tuned","cv",3,3.27770578362565,0.160602245077383,0.745360612869263,0.73986828327179,67.851,0.287000000000035,"Penalized Cox PH","Penalized Cox PH"
"142","TRACE (N=1878)","b1caacb5-9ec6-43a2-83a1-cb3f7ae3b8d1",6,"trace","class.binary_enc.removeconstants.reg.scale.ml_ranfor_rfsrc_brier.tuned","cv",1,4.06897980206121,0.164184525526416,0.735361516475677,0.733428776264191,592.048,0.978000000000065,"RSF","RSF"
"143","TRACE (N=1878)","b1caacb5-9ec6-43a2-83a1-cb3f7ae3b8d1",6,"trace","class.binary_enc.removeconstants.reg.scale.ml_ranfor_rfsrc_brier.tuned","cv",2,4.25363170530744,0.167335819735427,0.72682136297226,0.712717831134796,628.565,1.04200000000014,"RSF","RSF"
"144","TRACE (N=1878)","b1caacb5-9ec6-43a2-83a1-cb3f7ae3b8d1",6,"trace","class.binary_enc.removeconstants.reg.scale.ml_ranfor_rfsrc_brier.tuned","cv",3,2.68140865647342,0.161284690670173,0.749495565891266,0.744577705860138,610.999,0.66800000000012,"RSF","RSF"
"145","TRACE (N=1878)","31b6a65e-5ba5-4b4f-a6e5-2911ecc32772",7,"trace","class.binary_enc.removeconstants.reg.scale.ml_ranfor_aorsf_fast.tuned","cv",1,7.04733227891858,0.16344720838997,0.736455976963043,0.736663043498993,205.482,0.636999999999716,"ORSF-fast","ORSF-fast"
"146","TRACE (N=1878)","31b6a65e-5ba5-4b4f-a6e5-2911ecc32772",7,"trace","class.binary_enc.removeconstants.reg.scale.ml_ranfor_aorsf_fast.tuned","cv",2,40.0345434997513,0.166945511123006,0.729543209075928,0.718422293663025,200.375,0.476000000000113,"ORSF-fast","ORSF-fast"
"147","TRACE (N=1878)","31b6a65e-5ba5-4b4f-a6e5-2911ecc32772",7,"trace","class.binary_enc.removeconstants.reg.scale.ml_ranfor_aorsf_fast.tuned","cv",3,4.38049345669245,0.161360076594484,0.746431231498718,0.738991022109985,204.836,0.48700000000008,"ORSF-fast","ORSF-fast"
"148","TRACE (N=1878)","77dc76f3-eed6-476a-97e9-d51c140b4abb",8,"trace","class.binary_enc.removeconstants.reg.scale.ml_ranfor_aorsf_cph.tuned","cv",1,4.98200144309743,0.163382096755562,0.737419188022614,0.73721581697464,250.983,0.510000000000218,"ORSF-cph","ORSF-cph"
"149","TRACE (N=1878)","77dc76f3-eed6-476a-97e9-d51c140b4abb",8,"trace","class.binary_enc.removeconstants.reg.scale.ml_ranfor_aorsf_cph.tuned","cv",2,8.46036420832616,0.165900248327949,0.731465697288513,0.720217704772949,240.67,0.55600000000004,"ORSF-cph","ORSF-cph"
"150","TRACE (N=1878)","77dc76f3-eed6-476a-97e9-d51c140b4abb",8,"trace","class.binary_enc.removeconstants.reg.scale.ml_ranfor_aorsf_cph.tuned","cv",3,1.85775112660853,0.161324518013478,0.746283650398254,0.737726211547852,263.342,0.847000000000207,"ORSF-cph","ORSF-cph"
"151","TRACE (N=1878)","a545c9b4-f2b2-4d3e-9a63-8fb60983ebd4",9,"trace","class.binary_enc.removeconstants.reg.scale.ml_ranfor_aorsf_net.tuned","cv",1,3.95641703784146,0.163872829565365,0.735074996948242,0.735593438148499,3381.624,0.780999999999949,"ORSF-net","ORSF-net"
"152","TRACE (N=1878)","a545c9b4-f2b2-4d3e-9a63-8fb60983ebd4",9,"trace","class.binary_enc.removeconstants.reg.scale.ml_ranfor_aorsf_net.tuned","cv",2,6.22237305227063,0.16618559846251,0.730156481266022,0.715997517108917,3280.845,0.476000000000568,"ORSF-net","ORSF-net"
"153","TRACE (N=1878)","a545c9b4-f2b2-4d3e-9a63-8fb60983ebd4",9,"trace","class.binary_enc.removeconstants.reg.scale.ml_ranfor_aorsf_net.tuned","cv",3,2.09483476531694,0.161126019180913,0.747803807258606,0.743364095687866,3185.945,0.468000000000757,"ORSF-net","ORSF-net"
"154","TRACE (N=1878)","5a68177f-1c8a-4416-9a61-ebb4cdc0c102",10,"trace","class.binary_enc.removeconstants.reg.scale.surv.aorsfnew_min.tuned","cv",1,2.890879305677,0.162939116135406,0.737854242324829,0.738689959049225,29723.226,0.230999999999767,"ORSF-lasso-min","ORSF-lasso-min"
"155","TRACE (N=1878)","5a68177f-1c8a-4416-9a61-ebb4cdc0c102",10,"trace","class.binary_enc.removeconstants.reg.scale.surv.aorsfnew_min.tuned","cv",2,3.86808013869591,0.165161875205778,0.7325199842453,0.721748173236847,29257.269,0.228000000002794,"ORSF-lasso-min","ORSF-lasso-min"
"156","TRACE (N=1878)","5a68177f-1c8a-4416-9a61-ebb4cdc0c102",10,"trace","class.binary_enc.removeconstants.reg.scale.surv.aorsfnew_min.tuned","cv",3,0.690378648815895,0.159971890408312,0.74960196018219,0.743964016437531,29165.907,0.205000000001746,"ORSF-lasso-min","ORSF-lasso-min"
"157","TRACE (N=1878)","4578fc7c-6bdb-4094-9ddf-62d387c0a051",11,"trace","class.binary_enc.removeconstants.reg.scale.surv.aorsfnew_se.tuned","cv",1,7.70484310414937,0.164281154976842,0.736846089363098,0.736287593841553,22802.666,0.207999999998719,"ORSF-lasso-net","ORSF-lasso-net"
"158","TRACE (N=1878)","4578fc7c-6bdb-4094-9ddf-62d387c0a051",11,"trace","class.binary_enc.removeconstants.reg.scale.surv.aorsfnew_se.tuned","cv",2,6.49006950274994,0.166476444646106,0.732747375965118,0.719265520572662,23255.426,0.206000000005588,"ORSF-lasso-net","ORSF-lasso-net"
"159","TRACE (N=1878)","4578fc7c-6bdb-4094-9ddf-62d387c0a051",11,"trace","class.binary_enc.removeconstants.reg.scale.surv.aorsfnew_se.tuned","cv",3,3.92140511275103,0.164763308735011,0.746132671833038,0.740337789058685,22800.578,0.216000000014901,"ORSF-lasso-net","ORSF-lasso-net"
"160","TRACE (N=1878)","8df9869f-5ba1-4570-8adb-e4b1a987a858",12,"trace","class.binary_enc.removeconstants.reg.scale.surv.aorsfnew_mr_2q.tuned","cv",1,7.25634921370839,0.168914098503829,0.730175912380219,0.730684757232666,6686.33900000001,0.24800000002142,"ORSF-mrmr-2q","ORSF-mrmr-2q"
"161","TRACE (N=1878)","8df9869f-5ba1-4570-8adb-e4b1a987a858",12,"trace","class.binary_enc.removeconstants.reg.scale.surv.aorsfnew_mr_2q.tuned","cv",2,6.99387257626849,0.173226717111159,0.719555139541626,0.706988751888275,7394.48799999998,0.23399999999674,"ORSF-mrmr-2q","ORSF-mrmr-2q"
"162","TRACE (N=1878)","8df9869f-5ba1-4570-8adb-e4b1a987a858",12,"trace","class.binary_enc.removeconstants.reg.scale.surv.aorsfnew_mr_2q.tuned","cv",3,8.34254135335581,0.180828892897787,0.747127830982208,0.741334915161133,5195.73300000001,0.229999999981374,"ORSF-mrmr-2q","ORSF-mrmr-2q"
"163","TRACE (N=1878)","629239ce-c523-43f8-9f25-730d5af72ff0",13,"trace","class.binary_enc.removeconstants.reg.scale.surv.aorsfnew_mr_1q.tuned","cv",1,4.27985916271141,0.164435472350965,0.735931217670441,0.735321819782257,9967.83600000001,0.255999999993946,"ORSF-mrmr-1q","ORSF-mrmr-1q"
"164","TRACE (N=1878)","629239ce-c523-43f8-9f25-730d5af72ff0",13,"trace","class.binary_enc.removeconstants.reg.scale.surv.aorsfnew_mr_1q.tuned","cv",2,2.94163740572424,0.166564498311203,0.72787219285965,0.714863359928131,9337.94500000001,0.230000000010477,"ORSF-mrmr-1q","ORSF-mrmr-1q"
"165","TRACE (N=1878)","629239ce-c523-43f8-9f25-730d5af72ff0",13,"trace","class.binary_enc.removeconstants.reg.scale.surv.aorsfnew_mr_1q.tuned","cv",3,3.59235143957229,0.160605734169246,0.748847007751465,0.742123067378998,9363.283,0.238000000012107,"ORSF-mrmr-1q","ORSF-mrmr-1q"
"166","TRACE (N=1878)","23c18042-2b35-41c5-8d19-8f5cd9da38a3",14,"trace","class.binary_enc.removeconstants.reg.scale.surv.aorsfnew_mr_3q.tuned","cv",1,5.45200880474787,0.213255296847917,0.719897925853729,0.723333537578583,2336.48999999999,0.230999999999767,"ORSF-mrmr-3q","ORSF-mrmr-3q"
"167","TRACE (N=1878)","23c18042-2b35-41c5-8d19-8f5cd9da38a3",14,"trace","class.binary_enc.removeconstants.reg.scale.surv.aorsfnew_mr_3q.tuned","cv",2,6.81699508038762,0.209055978654724,0.707275867462158,0.700678944587708,2444.55299999999,0.230999999999767,"ORSF-mrmr-3q","ORSF-mrmr-3q"
"168","TRACE (N=1878)","23c18042-2b35-41c5-8d19-8f5cd9da38a3",14,"trace","class.binary_enc.removeconstants.reg.scale.surv.aorsfnew_mr_3q.tuned","cv",3,3.94521466366736,0.212380939600922,0.710846364498138,0.703442215919495,2418.45000000001,0.260999999998603,"ORSF-mrmr-3q","ORSF-mrmr-3q"
"169","TRACE (N=1878)","4298a8a4-56f1-4212-a56d-5087703370f9",15,"trace","class.binary_enc.removeconstants.reg.scale.surv.aorsfnew_cv_fndr.tuned","cv",1,10.0357851588843,0.16534645456508,0.738568902015686,0.736637532711029,16168.083,0.207000000023982,"ORSF-cars-fndr","ORSF-cars-fndr"
"170","TRACE (N=1878)","4298a8a4-56f1-4212-a56d-5087703370f9",15,"trace","class.binary_enc.removeconstants.reg.scale.surv.aorsfnew_cv_fndr.tuned","cv",2,2.72868496831381,0.165231668566252,0.732161700725555,0.718566119670868,15268.04,0.214999999996508,"ORSF-cars-fndr","ORSF-cars-fndr"
"171","TRACE (N=1878)","4298a8a4-56f1-4212-a56d-5087703370f9",15,"trace","class.binary_enc.removeconstants.reg.scale.surv.aorsfnew_cv_fndr.tuned","cv",3,3.5536991744976,0.161944334216691,0.748442113399506,0.74071192741394,17120.312,0.222000000008848,"ORSF-cars-fndr","ORSF-cars-fndr"
"172","TRACE (N=1878)","ec6e30ff-ee9f-476f-bce1-d980a88d76e5",16,"trace","class.binary_enc.removeconstants.reg.scale.surv.aorsfnew_cv_1q.tuned","cv",1,4.59507192523929,0.16425814119619,0.734526038169861,0.735001862049103,8800.38199999998,0.255999999993946,"ORSF-cars-1q","ORSF-cars-1q"
"173","TRACE (N=1878)","ec6e30ff-ee9f-476f-bce1-d980a88d76e5",16,"trace","class.binary_enc.removeconstants.reg.scale.surv.aorsfnew_cv_1q.tuned","cv",2,6.64372222160916,0.166870125374225,0.731031596660614,0.717087268829346,9005.85599999997,0.260000000009313,"ORSF-cars-1q","ORSF-cars-1q"
"174","TRACE (N=1878)","ec6e30ff-ee9f-476f-bce1-d980a88d76e5",16,"trace","class.binary_enc.removeconstants.reg.scale.surv.aorsfnew_cv_1q.tuned","cv",3,2.23322293572873,0.160524343183989,0.749049484729767,0.744621455669403,9606.576,0.239000000001397,"ORSF-cars-1q","ORSF-cars-1q"
"175","TRACE (N=1878)","b4f5ad44-3271-4db4-b6fc-87ded63115b0",17,"trace","class.binary_enc.removeconstants.reg.scale.surv.aorsfnew_cv_2q.tuned","cv",1,5.89767187266101,0.162821239279346,0.738938271999359,0.739130556583405,10020.042,0.241000000038184,"ORSF-cars-2q","ORSF-cars-2q"
"176","TRACE (N=1878)","b4f5ad44-3271-4db4-b6fc-87ded63115b0",17,"trace","class.binary_enc.removeconstants.reg.scale.surv.aorsfnew_cv_2q.tuned","cv",2,5.35062655794183,0.166170772155107,0.731031596660614,0.717085361480713,9815.62700000004,0.212999999988824,"ORSF-cars-2q","ORSF-cars-2q"
"177","TRACE (N=1878)","b4f5ad44-3271-4db4-b6fc-87ded63115b0",17,"trace","class.binary_enc.removeconstants.reg.scale.surv.aorsfnew_cv_2q.tuned","cv",3,1.31178018732092,0.160604683683906,0.74824994802475,0.740011692047119,9285.47000000003,0.23699999996461,"ORSF-cars-2q","ORSF-cars-2q"
"178","TRACE (N=1878)","f727b355-34a5-435f-af32-de5a19b26137",18,"trace","class.binary_enc.removeconstants.reg.scale.surv.aorsfnew_cv_3q.tuned","cv",1,4.86161301687247,0.163207601658071,0.738510191440582,0.73825615644455,9723.02400000003,0.26500000001397,"ORSF-cars-3q","ORSF-cars-3q"
"179","TRACE (N=1878)","f727b355-34a5-435f-af32-de5a19b26137",18,"trace","class.binary_enc.removeconstants.reg.scale.surv.aorsfnew_cv_3q.tuned","cv",2,5.58212240266635,0.165905993942312,0.731489837169647,0.717477262020111,10059.468,0.23499999998603,"ORSF-cars-3q","ORSF-cars-3q"
"180","TRACE (N=1878)","f727b355-34a5-435f-af32-de5a19b26137",18,"trace","class.binary_enc.removeconstants.reg.scale.surv.aorsfnew_cv_3q.tuned","cv",3,1.62715637879414,0.160638895109849,0.747680306434631,0.739874422550201,9407.88099999999,0.26600000000326,"ORSF-cars-3q","ORSF-cars-3q"
